{
    "tagList": [
        {
            "tag": "Archaeology",
            "files": [
                65
            ],
            "children": [
                {
                    "tag": "Ancient Near East",
                    "files": [
                        1
                    ],
                    "children": null
                }
            ]
        },
        {
            "tag": "Architecture",
            "files": [
                23,
                29,
                41,
                96
            ],
            "children": [
                {
                    "tag": "Architecture & Environment",
                    "files": [
                        82
                    ],
                    "children": null
                },
                {
                    "tag": "Criticism",
                    "files": [
                        21
                    ],
                    "children": null
                },
                {
                    "tag": "Modern",
                    "files": [
                        22
                    ],
                    "children": null
                },
                {
                    "tag": "Theory",
                    "files": [
                        0,
                        107
                    ],
                    "children": null
                }
            ]
        },
        {
            "tag": "Art",
            "files": [],
            "children": [
                {
                    "tag": "Art & Society",
                    "files": [
                        88
                    ],
                    "children": null
                },
                {
                    "tag": "Art History",
                    "files": [
                        88
                    ],
                    "children": [
                        {
                            "tag": "China",
                            "files": [
                                13,
                                16,
                                31,
                                32,
                                34,
                                80
                            ],
                            "children": null
                        },
                        {
                            "tag": "New Media Art",
                            "files": [
                                4,
                                59
                            ],
                            "children": null
                        }
                    ]
                },
                {
                    "tag": "Manifesto",
                    "files": [
                        62
                    ],
                    "children": null
                },
                {
                    "tag": "Sculpture",
                    "files": [
                        77
                    ],
                    "children": null
                }
            ]
        },
        {
            "tag": "Atlas",
            "files": [
                20
            ],
            "children": null
        },
        {
            "tag": "Cartography",
            "files": [
                18
            ],
            "children": null
        },
        {
            "tag": "Christianity",
            "files": [
                113
            ],
            "children": [
                {
                    "tag": "Theology",
                    "files": [
                        72
                    ],
                    "children": null
                }
            ]
        },
        {
            "tag": "Cultural Studies",
            "files": [
                87
            ],
            "children": null
        },
        {
            "tag": "Design",
            "files": [
                1,
                55,
                115,
                89,
                105
            ],
            "children": [
                {
                    "tag": "Book Design",
                    "files": [
                        114
                    ],
                    "children": null
                },
                {
                    "tag": "Interface",
                    "files": [
                        52
                    ],
                    "children": null
                },
                {
                    "tag": "Ontology",
                    "files": [
                        11
                    ],
                    "children": null
                },
                {
                    "tag": "Research",
                    "files": [
                        110
                    ],
                    "children": null
                },
                {
                    "tag": "Typography",
                    "files": [
                        2,
                        36,
                        53,
                        57,
                        68,
                        79,
                        102,
                        104
                    ],
                    "children": null
                }
            ]
        },
        {
            "tag": "Economics",
            "files": [
                12,
                47
            ],
            "children": [
                {
                    "tag": "Capitalism",
                    "files": [
                        17,
                        40,
                        56
                    ],
                    "children": null
                }
            ]
        },
        {
            "tag": "Feminist Theory",
            "files": [
                28,
                43
            ],
            "children": null
        },
        {
            "tag": "Film",
            "files": [
                30,
                45,
                46,
                49,
                111,
                112
            ],
            "children": null
        },
        {
            "tag": "History",
            "files": [
                70,
                88
            ],
            "children": null
        },
        {
            "tag": "Homebrewing",
            "files": [
                14,
                15,
                24,
                25,
                39,
                50,
                51,
                64,
                91
            ],
            "children": null
        },
        {
            "tag": "Media Studies",
            "files": [
                52,
                65,
                103
            ],
            "children": null
        },
        {
            "tag": "Music",
            "files": [
                66
            ],
            "children": null
        },
        {
            "tag": "Philosophy",
            "files": [
                10
            ],
            "children": [
                {
                    "tag": "Aesthetics",
                    "files": [
                        5,
                        7,
                        8,
                        38,
                        44,
                        81,
                        103
                    ],
                    "children": null
                },
                {
                    "tag": "History of Philosophy",
                    "files": [
                        10
                    ],
                    "children": null
                },
                {
                    "tag": "Modern Modernism Modernity",
                    "files": [
                        97
                    ],
                    "children": null
                },
                {
                    "tag": "Ontology",
                    "files": [
                        48
                    ],
                    "children": null
                },
                {
                    "tag": "Philosophers",
                    "files": [],
                    "children": [
                        {
                            "tag": "Kant, Immanuel",
                            "files": [
                                9,
                                35
                            ],
                            "children": null
                        }
                    ]
                },
                {
                    "tag": "Social Philosophy",
                    "files": [],
                    "children": [
                        {
                            "tag": "Capitalism",
                            "files": [
                                60
                            ],
                            "children": null
                        }
                    ]
                }
            ]
        },
        {
            "tag": "Photography",
            "files": [
                85
            ],
            "children": null
        },
        {
            "tag": "Politics",
            "files": [],
            "children": [
                {
                    "tag": "Political History",
                    "files": [
                        33,
                        67,
                        95,
                        98
                    ],
                    "children": null
                }
            ]
        },
        {
            "tag": "Race",
            "files": [],
            "children": [
                {
                    "tag": "Asian Studies",
                    "files": [
                        84
                    ],
                    "children": null
                },
                {
                    "tag": "Mixed Race",
                    "files": [
                        69,
                        73
                    ],
                    "children": null
                }
            ]
        },
        {
            "tag": "Semiotics",
            "files": [],
            "children": null
        },
        {
            "tag": "Technology",
            "files": [
                27,
                42,
                54,
                63,
                71,
                74,
                75,
                76,
                78,
                83,
                86,
                94,
                106
            ],
            "children": [
                {
                    "tag": "Digital Culture",
                    "files": [
                        26,
                        99,
                        100,
                        103
                    ],
                    "children": null
                },
                {
                    "tag": "Virtual Reality",
                    "files": [
                        5,
                        37,
                        90,
                        93,
                        101,
                        108,
                        109
                    ],
                    "children": null
                }
            ]
        },
        {
            "tag": "Theology",
            "files": [],
            "children": [
                {
                    "tag": "Feminist Theology",
                    "files": [
                        3,
                        58
                    ],
                    "children": null
                },
                {
                    "tag": "Non-western",
                    "files": [
                        19
                    ],
                    "children": null
                }
            ]
        },
        {
            "tag": "Theory",
            "files": [
                61,
                92
            ],
            "children": null
        }
    ],
    "fileList": [
        {
            "id": 0,
            "title": "Is there an Object-Oriented Architecture?",
            "by": [
                {
                    "name": "Graham Harman",
                    "type": "Author"
                }
            ],
            "year": null,
            "src": "(Architecture Exchange_ Engagements with Contemporary Theory and Philosophy) Joseph Bedford - Is There an Object-Oriented Architecture_ _ Engaging Graham Harman-Bloomsbury Academic (2020).pdf"
        },
        {
            "id": 1,
            "title": "Making Design Theory",
            "by": [
                {
                    "name": "Johan Redström",
                    "type": "Author"
                }
            ],
            "year": null,
            "src": "(Design Thinking, Design Theory) Johan Redström - Making Design Theory-MIT Press (2017).pdf"
        },
        {
            "id": 2,
            "title": "Stop Stealing Sheep & find out how type works",
            "by": [
                {
                    "name": "Erik Spiekerman",
                    "type": "Author"
                }
            ],
            "year": null,
            "src": "(Graphic Design & Visual Communication Courses) Erik Spiekermann - Stop Stealing Sheep & Find Out How Type Works-Adobe Press (2013).pdf"
        },
        {
            "id": 3,
            "title": "Introducing Asian Feminist Theology",
            "by": [
                {
                    "name": "Kwok Pui-lan",
                    "type": "Author"
                }
            ],
            "year": null,
            "src": "(Introductions in feminist theology 4.) Kwok, Pui-lan - Introducing Asian feminist theology-Sheffield Academic Press (2000).pdf"
        },
        {
            "id": 4,
            "title": "The Language of New Media",
            "by": [
                {
                    "name": "Lev Manovich",
                    "type": "Author"
                }
            ],
            "year": null,
            "src": "(Leonardo) Lev Manovich - The language of new media-The MIT Press (2001).pdf"
        },
        {
            "id": 5,
            "title": "The Kantian Sublime: From Morality to Art",
            "by": [
                {
                    "name": "Paul Crowther",
                    "type": "Author"
                }
            ],
            "year": null,
            "src": "(Oxford Philosophical Monographs) Paul Crowther - The Kantian Sublime_ From Morality to Art-Oxford University Press, USA (1991).pdf"
        },
        {
            "id": 6,
            "title": "Augmented Reality and Virtual Reality",
            "by": [
                {
                    "name": "M. Claudia tom Dieck",
                    "type": "Editor"
                },
                {
                    "name": "Timothy H. Jung",
                    "type": "Editor"
                },
                {
                    "name": "Sandra M. C. Loureio",
                    "type": "Editor"
                }
            ],
            "year": null,
            "src": "(Progress in IS) M. Claudia tom Dieck (editor), Timothy H. Jung (editor), Sandra M. C. Loureiro (editor) - Augmented Reality and Virtual Reality_ New Trends in Immersive Technology-Springer (2021).pdf"
        },
        {
            "id": 7,
            "title": "",
            "by": [
                {
                    "name": "",
                    "type": ""
                }
            ],
            "year": null,
            "src": "(Routledge classics) Burke, Edmund - A Philosophical Enquiry into the Sublime and Beautiful-Taylor & Francis (2009_2008).epub"
        },
        {
            "id": 8,
            "title": "",
            "by": [
                {
                    "name": "",
                    "type": ""
                }
            ],
            "year": null,
            "src": "(Very Short Introductions 262) Scruton, Roger - Beauty_ a very short introduction-Oxford University Press (2009_2011).epub"
        },
        {
            "id": 9,
            "title": "",
            "by": [
                {
                    "name": "",
                    "type": ""
                }
            ],
            "year": null,
            "src": "(Very Short Introductions) Roger Scruton - Kant_ A Very Short Introduction-Oxford University Press (2001).epub"
        },
        {
            "id": 10,
            "title": "",
            "by": [
                {
                    "name": "",
                    "type": ""
                }
            ],
            "year": null,
            "src": "(Western Philosophy) Kenny, Anthony - A New History of Western Philosophy_ In Four Parts-Oxford University Press (2010).epub"
        },
        {
            "id": 11,
            "title": "",
            "by": [
                {
                    "name": "",
                    "type": ""
                }
            ],
            "year": null,
            "src": "02OntologicalDesigning.pdf"
        },
        {
            "id": 12,
            "title": "",
            "by": [
                {
                    "name": "",
                    "type": ""
                }
            ],
            "year": null,
            "src": "99 Theses on the Revaluation of Value_ A P - Brian Massumi.pdf"
        },
        {
            "id": 13,
            "title": "",
            "by": [
                {
                    "name": "",
                    "type": ""
                }
            ],
            "year": null,
            "src": "A Companion to Chinese Art - Martin J. Powers.pdf"
        },
        {
            "id": 14,
            "title": "",
            "by": [
                {
                    "name": "",
                    "type": ""
                }
            ],
            "year": null,
            "src": "A Guide to Craft Brewing - John Alexander.epub"
        },
        {
            "id": 15,
            "title": "",
            "by": [
                {
                    "name": "",
                    "type": ""
                }
            ],
            "year": null,
            "src": "A History of Beer and Brewing - Ian S Hornsey.pdf"
        },
        {
            "id": 16,
            "title": "",
            "by": [
                {
                    "name": "",
                    "type": ""
                }
            ],
            "year": null,
            "src": "A Story of Ruins_ Presence and - Wu Hung.pdf"
        },
        {
            "id": 17,
            "title": "",
            "by": [
                {
                    "name": "",
                    "type": ""
                }
            ],
            "year": null,
            "src": "A Thousand Plateaus_ Capitalism and Schizo - Gilles Deleuze.epub"
        },
        {
            "id": 18,
            "title": "",
            "by": [
                {
                    "name": "",
                    "type": ""
                }
            ],
            "year": null,
            "src": "After the Map_ Cartography, Navigation, an - William Rankin.pdf"
        },
        {
            "id": 19,
            "title": "",
            "by": [
                {
                    "name": "",
                    "type": ""
                }
            ],
            "year": null,
            "src": "An Introduction to Third World Theologies - John Parratt.pdf"
        },
        {
            "id": 20,
            "title": "",
            "by": [
                {
                    "name": "",
                    "type": ""
                }
            ],
            "year": null,
            "src": "Anthropocene Unseen_ A Lexicon - Cymene Howe.pdf"
        },
        {
            "id": 21,
            "title": "",
            "by": [
                {
                    "name": "",
                    "type": ""
                }
            ],
            "year": null,
            "src": "Architecture and Disjunction - Bernard Tschumi.pdf"
        },
        {
            "id": 22,
            "title": "",
            "by": [
                {
                    "name": "",
                    "type": ""
                }
            ],
            "year": null,
            "src": "Architecture in the Age of Divided Represe - Dalibor Vesely.pdf"
        },
        {
            "id": 23,
            "title": "",
            "by": [
                {
                    "name": "",
                    "type": ""
                }
            ],
            "year": null,
            "src": "Architecture_ The Making of Metaphors - Barie Fez-Barringten.pdf"
        },
        {
            "id": 24,
            "title": "",
            "by": [
                {
                    "name": "",
                    "type": ""
                }
            ],
            "year": null,
            "src": "Beer_ Tap Into the Art and Scie - Charles Bamforth.pdf"
        },
        {
            "id": 25,
            "title": "",
            "by": [
                {
                    "name": "",
                    "type": ""
                }
            ],
            "year": null,
            "src": "Beer_ Tap Into the Art and Science of Brew - Charles Bamforth.pdf"
        },
        {
            "id": 26,
            "title": "",
            "by": [
                {
                    "name": "",
                    "type": ""
                }
            ],
            "year": null,
            "src": "Being Digital - Nicholas Negroponte.epub"
        },
        {
            "id": 27,
            "title": "",
            "by": [
                {
                    "name": "",
                    "type": ""
                }
            ],
            "year": null,
            "src": "Bit Tyrants_ The Political Economy of Sili - Rob Larson.epub"
        },
        {
            "id": 28,
            "title": "",
            "by": [
                {
                    "name": "",
                    "type": ""
                }
            ],
            "year": null,
            "src": "Bodies That Matter_ On the Discursive Limi - Judith Butler.pdf"
        },
        {
            "id": 29,
            "title": "",
            "by": [
                {
                    "name": "",
                    "type": ""
                }
            ],
            "year": null,
            "src": "Body and Building_ Essays on the Changing - George Dodds.pdf"
        },
        {
            "id": 30,
            "title": "",
            "by": [
                {
                    "name": "",
                    "type": ""
                }
            ],
            "year": null,
            "src": "Camera Lucida_ Reflections on Photography - Roland Barthes.pdf"
        },
        {
            "id": 31,
            "title": "",
            "by": [
                {
                    "name": "",
                    "type": ""
                }
            ],
            "year": null,
            "src": "Chinese Art and Its Encounter W - David Clarke.pdf"
        },
        {
            "id": 32,
            "title": "",
            "by": [
                {
                    "name": "",
                    "type": ""
                }
            ],
            "year": null,
            "src": "Chinese Symbolism and Art Motif - Charles Alfred Speed Williams.pdf"
        },
        {
            "id": 33,
            "title": "",
            "by": [
                {
                    "name": "",
                    "type": ""
                }
            ],
            "year": null,
            "src": "Colonialism_postcolonialism - Ania Loomba.pdf"
        },
        {
            "id": 34,
            "title": "",
            "by": [
                {
                    "name": "",
                    "type": ""
                }
            ],
            "year": null,
            "src": "Contemporary Chinese Art_ Prima - Wu Hung.pdf"
        },
        {
            "id": 35,
            "title": "",
            "by": [
                {
                    "name": "",
                    "type": ""
                }
            ],
            "year": null,
            "src": "Critique of Pure Reason - Immanuel Kant.epub"
        },
        {
            "id": 36,
            "title": "",
            "by": [
                {
                    "name": "",
                    "type": ""
                }
            ],
            "year": null,
            "src": "Cyrus Highsmith - Inside Paragraphs-Princeton Architectural Press (2020).epub"
        },
        {
            "id": 37,
            "title": "",
            "by": [
                {
                    "name": "",
                    "type": ""
                }
            ],
            "year": null,
            "src": "Dawn of the New Everything_ Encounters Wit - Jaron Lanier.epub"
        },
        {
            "id": 38,
            "title": "",
            "by": [
                {
                    "name": "",
                    "type": ""
                }
            ],
            "year": null,
            "src": "Emily Brady - The Sublime in Modern Philosophy_ Aesthetics, Ethics, and Nature-Cambridge University Press (2013).pdf"
        },
        {
            "id": 39,
            "title": "",
            "by": [
                {
                    "name": "",
                    "type": ""
                }
            ],
            "year": null,
            "src": "Encyclopaedia of Brewing - Christopher Boulton.pdf"
        },
        {
            "id": 40,
            "title": "",
            "by": [
                {
                    "name": "",
                    "type": ""
                }
            ],
            "year": null,
            "src": "Erik Olin Wright - How to Be an Anticapitalist in the Twenty-First Century-Verso Books (2019).epub"
        },
        {
            "id": 41,
            "title": "",
            "by": [
                {
                    "name": "",
                    "type": ""
                }
            ],
            "year": null,
            "src": "Francis D. K. Ching - Architecture_ Form, Space, & Order-Wiley (2014).pdf"
        },
        {
            "id": 42,
            "title": "",
            "by": [
                {
                    "name": "",
                    "type": ""
                }
            ],
            "year": null,
            "src": "Future Histories_ What Ada Love - Lizzie O'Shea.epub"
        },
        {
            "id": 43,
            "title": "",
            "by": [
                {
                    "name": "",
                    "type": ""
                }
            ],
            "year": null,
            "src": "Gender Trouble_ Feminism and th - Judith Butler.epub"
        },
        {
            "id": 44,
            "title": "",
            "by": [
                {
                    "name": "",
                    "type": ""
                }
            ],
            "year": null,
            "src": "George Hartley - The Abyss of Representation_ Marxism and the Postmodern Sublime-Duke University Press Books (2003).djvu"
        },
        {
            "id": 45,
            "title": "",
            "by": [
                {
                    "name": "",
                    "type": ""
                }
            ],
            "year": null,
            "src": "Gilles Deleuze - Cinema 1_ The Movement-Image-Univ Of Minnesota Press (1986).pdf"
        },
        {
            "id": 46,
            "title": "",
            "by": [
                {
                    "name": "",
                    "type": ""
                }
            ],
            "year": null,
            "src": "Gilles Deleuze - Cinema 2_ The Time-Image-Univ Of Minnesota Press (1989).pdf"
        },
        {
            "id": 47,
            "title": "",
            "by": [
                {
                    "name": "",
                    "type": ""
                }
            ],
            "year": null,
            "src": "Good Entertainment_ A Deconstru - Byung-Chul Han.pdf"
        },
        {
            "id": 48,
            "title": "",
            "by": [
                {
                    "name": "",
                    "type": ""
                }
            ],
            "year": null,
            "src": "Harman, Graham - Object-oriented ontology a new theory of everything-Penguin Books Ltd_Pelican (2017_2018).epub"
        },
        {
            "id": 49,
            "title": "",
            "by": [
                {
                    "name": "",
                    "type": ""
                }
            ],
            "year": null,
            "src": "Helen G. Scott, Francois Truffaut - Hitchcock (Revised Edition)-Simon & Schuster (1985).pdf"
        },
        {
            "id": 50,
            "title": "",
            "by": [
                {
                    "name": "",
                    "type": ""
                }
            ],
            "year": null,
            "src": "Hooch_ Simplified Brewing, Wine - Scott Meyer.pdf"
        },
        {
            "id": 51,
            "title": "",
            "by": [
                {
                    "name": "",
                    "type": ""
                }
            ],
            "year": null,
            "src": "How to Brew_ Everything You Need to Know t - John J. Palmer.pdf"
        },
        {
            "id": 52,
            "title": "",
            "by": [
                {
                    "name": "",
                    "type": ""
                }
            ],
            "year": null,
            "src": "Interface Cultures_ Artistic Aspects of In - Christa Sommerer.pdf"
        },
        {
            "id": 53,
            "title": "",
            "by": [
                {
                    "name": "",
                    "type": ""
                }
            ],
            "year": null,
            "src": "J. Tschichold - The New Typography-Univ. Calif. Press (1995).pdf"
        },
        {
            "id": 54,
            "title": "",
            "by": [
                {
                    "name": "",
                    "type": ""
                }
            ],
            "year": null,
            "src": "James Wilt - Do Androids Dream of Electric Cars_-Between the Lines (2020).epub"
        },
        {
            "id": 55,
            "title": "",
            "by": [
                {
                    "name": "",
                    "type": ""
                }
            ],
            "year": null,
            "src": "Karl Gerstner - Designing Programmes-Alec Tiranti (1964).pdf"
        },
        {
            "id": 56,
            "title": "",
            "by": [
                {
                    "name": "",
                    "type": ""
                }
            ],
            "year": null,
            "src": "Kevin Coleman, Daniel James - Capitalism and the Camera_ Essays on Photography and Extraction-Verso (2021).epub"
        },
        {
            "id": 57,
            "title": "",
            "by": [
                {
                    "name": "",
                    "type": ""
                }
            ],
            "year": null,
            "src": "Layout Essentials - Beth Tondreau.pdf"
        },
        {
            "id": 58,
            "title": "",
            "by": [
                {
                    "name": "",
                    "type": ""
                }
            ],
            "year": null,
            "src": "Letty M. Russell, Kwok Pui-lan, Ada Maria Isasi-Diaz, Ka - Inheriting Our Mothers' Gardens_ Feminist Theology in Third World Perspective-Westminster John Knox Press (1988).pdf"
        },
        {
            "id": 59,
            "title": "",
            "by": [
                {
                    "name": "",
                    "type": ""
                }
            ],
            "year": null,
            "src": "Lev Manovich - The language of new media-MIT Press (2002).pdf"
        },
        {
            "id": 60,
            "title": "",
            "by": [
                {
                    "name": "",
                    "type": ""
                }
            ],
            "year": null,
            "src": "Like a Thief in Broad Daylight_ Power in t - Slavoj Zizek.epub"
        },
        {
            "id": 61,
            "title": "",
            "by": [
                {
                    "name": "",
                    "type": ""
                }
            ],
            "year": null,
            "src": "Madness and Civilization_ A History of Ins - Michel Foucault.epub"
        },
        {
            "id": 62,
            "title": "",
            "by": [
                {
                    "name": "",
                    "type": ""
                }
            ],
            "year": null,
            "src": "Manifesto_ A Century of Isms - Mary Ann Caws.pdf"
        },
        {
            "id": 63,
            "title": "",
            "by": [
                {
                    "name": "",
                    "type": ""
                }
            ],
            "year": null,
            "src": "Marx at the Arcade_ Consoles, C - Jamie Woodcock.epub"
        },
        {
            "id": 64,
            "title": "",
            "by": [
                {
                    "name": "",
                    "type": ""
                }
            ],
            "year": null,
            "src": "Mastering Homebrew_ The Complet - Randy Mosher.pdf"
        },
        {
            "id": 65,
            "title": "",
            "by": [
                {
                    "name": "",
                    "type": ""
                }
            ],
            "year": null,
            "src": "Media Archaeology_ Approaches, Application - Erkki Huhtamo.pdf"
        },
        {
            "id": 66,
            "title": "",
            "by": [
                {
                    "name": "",
                    "type": ""
                }
            ],
            "year": null,
            "src": "Michael Goddard, Benjamin Halligan, Nicola Spelman - Resonances_ Noise and Contemporary Music-Bloomsbury Academic (2013).pdf"
        },
        {
            "id": 67,
            "title": "",
            "by": [
                {
                    "name": "",
                    "type": ""
                }
            ],
            "year": null,
            "src": "Michael Hardt, Antonio Negri - Empire-Harvard University Press (2000).epub"
        },
        {
            "id": 68,
            "title": "",
            "by": [
                {
                    "name": "",
                    "type": ""
                }
            ],
            "year": null,
            "src": "Modern Typography, 2nd Edition - Robin Kinross.pdf"
        },
        {
            "id": 69,
            "title": "",
            "by": [
                {
                    "name": "",
                    "type": ""
                }
            ],
            "year": null,
            "src": "Multiracial level2s_ Mixed Fami - Miri Song.epub"
        },
        {
            "id": 70,
            "title": "",
            "by": [
                {
                    "name": "",
                    "type": ""
                }
            ],
            "year": null,
            "src": "Music and the Making of Modern Science - Peter Pesic.pdf"
        },
        {
            "id": 71,
            "title": "",
            "by": [
                {
                    "name": "",
                    "type": ""
                }
            ],
            "year": null,
            "src": "New Dark Age_ Technology and th - James Bridle.epub"
        },
        {
            "id": 72,
            "title": "",
            "by": [
                {
                    "name": "",
                    "type": ""
                }
            ],
            "year": null,
            "src": "Nicholas Wolterstorff, Terence Cuneo - Inquiring about God_ Volume 1, Selected Essays (2010).pdf"
        },
        {
            "id": 73,
            "title": "",
            "by": [
                {
                    "name": "",
                    "type": ""
                }
            ],
            "year": null,
            "src": "Philosophy and the Mixed Race E - Tina Fernandes Botts.pdf"
        },
        {
            "id": 74,
            "title": "",
            "by": [
                {
                    "name": "",
                    "type": ""
                }
            ],
            "year": null,
            "src": "Platform Capitalism - Nick Srnicek.epub"
        },
        {
            "id": 75,
            "title": "",
            "by": [
                {
                    "name": "",
                    "type": ""
                }
            ],
            "year": null,
            "src": "Race After Technology_ Abolitio - Ruha Benjamin.epub"
        },
        {
            "id": 76,
            "title": "",
            "by": [
                {
                    "name": "",
                    "type": ""
                }
            ],
            "year": null,
            "src": "Radical Technologies_ The Design of Everyd - Adam Greenfield.epub"
        },
        {
            "id": 77,
            "title": "",
            "by": [
                {
                    "name": "",
                    "type": ""
                }
            ],
            "year": null,
            "src": "Richard Serra, Hal Foster - Conversations about Sculpture-Yale University Press (2018).pdf"
        },
        {
            "id": 78,
            "title": "",
            "by": [
                {
                    "name": "",
                    "type": ""
                }
            ],
            "year": null,
            "src": "Riding for Deliveroo_ Resistanc - Callum Cant.epub"
        },
        {
            "id": 79,
            "title": "",
            "by": [
                {
                    "name": "",
                    "type": ""
                }
            ],
            "year": null,
            "src": "Robert Bringhurst - The Elements of Typographic Style-Hartley & Marks (2004).pdf"
        },
        {
            "id": 80,
            "title": "",
            "by": [
                {
                    "name": "",
                    "type": ""
                }
            ],
            "year": null,
            "src": "Role of Japan in Modern Chinese - Joshua A. Fogel.pdf"
        },
        {
            "id": 81,
            "title": "",
            "by": [
                {
                    "name": "",
                    "type": ""
                }
            ],
            "year": null,
            "src": "Routledge Philosophy Guidebook to Kant and - Sebastian Gardner.pdf"
        },
        {
            "id": 82,
            "title": "",
            "by": [
                {
                    "name": "",
                    "type": ""
                }
            ],
            "year": null,
            "src": "Subnature_ Architecture's Other Environmen - David Gissen.pdf"
        },
        {
            "id": 83,
            "title": "",
            "by": [
                {
                    "name": "",
                    "type": ""
                }
            ],
            "year": null,
            "src": "Subprime Attention Crisis - Tim Hwang.epub"
        },
        {
            "id": 84,
            "title": "",
            "by": [
                {
                    "name": "",
                    "type": ""
                }
            ],
            "year": null,
            "src": "Techno-Orientalism.pdf"
        },
        {
            "id": 85,
            "title": "",
            "by": [
                {
                    "name": "",
                    "type": ""
                }
            ],
            "year": null,
            "src": "The Allure of the Selfie_ Instagram and th - Brooke Wendt.pdf"
        },
        {
            "id": 86,
            "title": "",
            "by": [
                {
                    "name": "",
                    "type": ""
                }
            ],
            "year": null,
            "src": "The Code_ Silicon Valley and th - Margaret O'Mara.epub"
        },
        {
            "id": 87,
            "title": "",
            "by": [
                {
                    "name": "",
                    "type": ""
                }
            ],
            "year": null,
            "src": "The Cultural Politics of Emotion - Sara Ahmed.pdf"
        },
        {
            "id": 88,
            "title": "",
            "by": [
                {
                    "name": "",
                    "type": ""
                }
            ],
            "year": null,
            "src": "The Evolution of Allure_ Sexual Selection - George L. Hersey.epub"
        },
        {
            "id": 89,
            "title": "",
            "by": [
                {
                    "name": "",
                    "type": ""
                }
            ],
            "year": null,
            "src": "The Form of the Book _ Essays on the Moral - Jan Tschichold.pdf"
        },
        {
            "id": 90,
            "title": "",
            "by": [
                {
                    "name": "",
                    "type": ""
                }
            ],
            "year": null,
            "src": "The History of the Future_ Ocul - Blake J. Harris.epub"
        },
        {
            "id": 91,
            "title": "",
            "by": [
                {
                    "name": "",
                    "type": ""
                }
            ],
            "year": null,
            "src": "The Homebrewer's Companion - Charlie Papazian.epub"
        },
        {
            "id": 92,
            "title": "",
            "by": [
                {
                    "name": "",
                    "type": ""
                }
            ],
            "year": null,
            "src": "The Location of Culture - Homi K. Bhabha.pdf"
        },
        {
            "id": 93,
            "title": "",
            "by": [
                {
                    "name": "",
                    "type": ""
                }
            ],
            "year": null,
            "src": "The Metaphysics of Virtual Real - Michael Heim.pdf"
        },
        {
            "id": 94,
            "title": "",
            "by": [
                {
                    "name": "",
                    "type": ""
                }
            ],
            "year": null,
            "src": "The One Device_ The Secret History of the - Brian Merchant.epub"
        },
        {
            "id": 95,
            "title": "",
            "by": [
                {
                    "name": "",
                    "type": ""
                }
            ],
            "year": null,
            "src": "The Origins of Totalitarianism - Hannah Arendt.epub"
        },
        {
            "id": 96,
            "title": "",
            "by": [
                {
                    "name": "",
                    "type": ""
                }
            ],
            "year": null,
            "src": "The Possibility of an Absolute Architectur - Pier Vittorio Aureli.pdf"
        },
        {
            "id": 97,
            "title": "",
            "by": [
                {
                    "name": "",
                    "type": ""
                }
            ],
            "year": null,
            "src": "The Radicant - Nicolas Bourriaud.pdf"
        },
        {
            "id": 98,
            "title": "",
            "by": [
                {
                    "name": "",
                    "type": ""
                }
            ],
            "year": null,
            "src": "The Ruin of Kasch - Roberto Calasso.epub"
        },
        {
            "id": 99,
            "title": "",
            "by": [
                {
                    "name": "",
                    "type": ""
                }
            ],
            "year": null,
            "src": "The Stack_ On Software and Sovereignty - Benjamin H. Bratton.epub"
        },
        {
            "id": 100,
            "title": "",
            "by": [
                {
                    "name": "",
                    "type": ""
                }
            ],
            "year": null,
            "src": "The Stack_ On Software and Sovereignty - Benjamin H. Bratton.pdf"
        },
        {
            "id": 101,
            "title": "",
            "by": [
                {
                    "name": "",
                    "type": ""
                }
            ],
            "year": null,
            "src": "The Virtual - Rob Shields.pdf"
        },
        {
            "id": 102,
            "title": "",
            "by": [
                {
                    "name": "",
                    "type": ""
                }
            ],
            "year": null,
            "src": "The-Triumph-of-Typography.pdf"
        },
        {
            "id": 103,
            "title": "",
            "by": [
                {
                    "name": "",
                    "type": ""
                }
            ],
            "year": null,
            "src": "Theory of the Image - Thomas Nail.pdf"
        },
        {
            "id": 104,
            "title": "",
            "by": [
                {
                    "name": "",
                    "type": ""
                }
            ],
            "year": null,
            "src": "Thinking With Type - Ellen Lupton.pdf"
        },
        {
            "id": 105,
            "title": "",
            "by": [
                {
                    "name": "",
                    "type": ""
                }
            ],
            "year": null,
            "src": "Tim Ingold - Making_ Anthropology, Archaeology, Art and Architecture-Routledge (2013).pdf"
        },
        {
            "id": 106,
            "title": "",
            "by": [
                {
                    "name": "",
                    "type": ""
                }
            ],
            "year": null,
            "src": "To Save Everything, Click Here_ The Folly - Evgeny Morozov.epub"
        },
        {
            "id": 107,
            "title": "",
            "by": [
                {
                    "name": "",
                    "type": ""
                }
            ],
            "year": null,
            "src": "Understanding Architecture_ An Introductio - Hazel Conway.pdf"
        },
        {
            "id": 108,
            "title": "",
            "by": [
                {
                    "name": "",
                    "type": ""
                }
            ],
            "year": null,
            "src": "Virtual Reality - Samuel Greengard.epub"
        },
        {
            "id": 109,
            "title": "",
            "by": [
                {
                    "name": "",
                    "type": ""
                }
            ],
            "year": null,
            "src": "Virtual Reality and the Built Environment - Jennifer Whyte.pdf"
        },
        {
            "id": 110,
            "title": "",
            "by": [
                {
                    "name": "",
                    "type": ""
                }
            ],
            "year": null,
            "src": "Visualizing Research_ A Guide to the Resea - Carole Gray.pdf"
        },
        {
            "id": 111,
            "title": "",
            "by": [
                {
                    "name": "",
                    "type": ""
                }
            ],
            "year": null,
            "src": "What Is Cinema_ Volume 1 - Andre Bazin.epub"
        },
        {
            "id": 112,
            "title": "",
            "by": [
                {
                    "name": "",
                    "type": ""
                }
            ],
            "year": null,
            "src": "What Is Cinema_ Volume 2 - Andre Bazin.epub"
        },
        {
            "id": 113,
            "title": "",
            "by": [
                {
                    "name": "",
                    "type": ""
                }
            ],
            "year": null,
            "src": "Williams, Rowan - BEING HUMAN_ the call to christian personhood-SPCK Publishing (2018).epub"
        },
        {
            "id": 114,
            "title": "",
            "by": [
                {
                    "name": "",
                    "type": ""
                }
            ],
            "year": null,
            "src": "hochuli - designing books.pdf"
        },
        {
            "id": 115,
            "title": "",
            "by": [
                {
                    "name": "",
                    "type": ""
                }
            ],
            "year": null,
            "src": "signs, symbols & ornaments - rene smeets.pdf"
        }
    ]
}